{
  "results": [
    {
      "command": "python -c \"open(\\\"/tmp/winx_bench/large.txt\\\").read()\"",
      "mean": 0.04770363717806451,
      "stddev": 0.0011943968898791722,
      "median": 0.04755964892,
      "user": 0.05384661354838709,
      "system": 0.011479732903225803,
      "min": 0.04541321442,
      "max": 0.05232191842,
      "times": [
        0.04782745842,
        0.04795534742,
        0.04682122642,
        0.047746419420000005,
        0.04728719142,
        0.046595910420000004,
        0.048353612420000004,
        0.046697181420000004,
        0.04682913742,
        0.04671672242,
        0.047792033420000005,
        0.05232191842,
        0.04822459642,
        0.04815421442,
        0.04679253042,
        0.04756915542,
        0.04714986242,
        0.04541321442,
        0.04813444942,
        0.046751058420000005,
        0.04712756642,
        0.047228768420000004,
        0.04727255342,
        0.05077320542,
        0.04841958942,
        0.04743164442,
        0.047524789420000005,
        0.049015381420000004,
        0.04809435942,
        0.04857072542,
        0.049944482420000005,
        0.047666677420000005,
        0.047360862420000004,
        0.047048542420000006,
        0.04747420342,
        0.04687162542,
        0.046971253420000005,
        0.04588424142,
        0.047672387420000004,
        0.04741035242,
        0.047133627420000004,
        0.04790106142,
        0.04794294442,
        0.04859407242,
        0.047381690420000004,
        0.046265744420000005,
        0.04619611442,
        0.04607665642,
        0.04645271142,
        0.04821618542,
        0.04870877842,
        0.04888615142,
        0.047825742420000004,
        0.049682827420000006,
        0.04915420542,
        0.04807961342,
        0.047550142420000004,
        0.04906280442,
        0.04578320142,
        0.04649015042,
        0.047965482420000004,
        0.04937914542
      ],
      "memory_usage_byte": [
        12582912,
        12582912,
        12582912,
        12582912,
        12582912,
        12582912,
        12582912,
        12582912,
        12582912,
        12582912,
        12582912,
        12582912,
        12582912,
        12582912,
        12582912,
        12582912,
        12582912,
        12582912,
        12582912,
        12582912,
        12582912,
        12582912,
        12582912,
        12582912,
        12582912,
        12582912,
        12582912,
        12582912,
        12582912,
        12582912,
        12582912,
        12582912,
        12582912,
        12582912,
        12582912,
        12582912,
        12582912,
        12582912,
        12582912,
        12582912,
        12582912,
        12582912,
        12582912,
        12582912,
        12582912,
        12582912,
        12582912,
        12582912,
        12582912,
        12582912,
        12582912,
        12582912,
        12582912,
        12582912,
        12582912,
        12582912,
        12582912,
        12582912,
        12582912,
        12582912,
        12582912,
        12582912
      ],
      "exit_codes": [
        0,
        0,
        0,
        0,
        0,
        0,
        0,
        0,
        0,
        0,
        0,
        0,
        0,
        0,
        0,
        0,
        0,
        0,
        0,
        0,
        0,
        0,
        0,
        0,
        0,
        0,
        0,
        0,
        0,
        0,
        0,
        0,
        0,
        0,
        0,
        0,
        0,
        0,
        0,
        0,
        0,
        0,
        0,
        0,
        0,
        0,
        0,
        0,
        0,
        0,
        0,
        0,
        0,
        0,
        0,
        0,
        0,
        0,
        0,
        0,
        0,
        0
      ]
    }
  ]
}
