{
  "results": [
    {
      "command": "rg \"fn \\w+\" /tmp/winx_bench/source.rs || true",
      "mean": 0.01647025503544304,
      "stddev": 0.005774206335477003,
      "median": 0.0144425812,
      "user": 0.0008207555696202533,
      "system": 0.0004910443037974682,
      "min": 0.0126292112,
      "max": 0.05860427220000001,
      "times": [
        0.018480052200000003,
        0.0131809822,
        0.0138481912,
        0.0145561132,
        0.014601282200000001,
        0.016187526200000003,
        0.014121655200000001,
        0.0137008062,
        0.018544416200000004,
        0.0142040462,
        0.0138611502,
        0.013670464200000001,
        0.0138778862,
        0.0137181452,
        0.014057546200000002,
        0.013611477200000001,
        0.014093836200000001,
        0.014675495200000001,
        0.014856134200000001,
        0.0149418002,
        0.014756158200000001,
        0.014992231200000001,
        0.014041764200000001,
        0.013786836200000001,
        0.0145683302,
        0.0181120212,
        0.016043958200000003,
        0.0145761602,
        0.014003810200000001,
        0.014689165200000001,
        0.014971652200000001,
        0.013651253200000001,
        0.015058072200000001,
        0.0147158852,
        0.013768861200000001,
        0.013668354200000002,
        0.0138640232,
        0.014986911200000001,
        0.0135213862,
        0.0133354352,
        0.014306328200000001,
        0.0140778082,
        0.0142978922,
        0.0142622532,
        0.014829389200000001,
        0.022196923200000003,
        0.0143190052,
        0.021012145200000002,
        0.031166821200000007,
        0.025299489200000004,
        0.026607688200000004,
        0.026392889200000002,
        0.028446202200000003,
        0.022513552200000002,
        0.026263345200000003,
        0.027804453200000002,
        0.028511671200000005,
        0.027487248200000005,
        0.039306865200000006,
        0.029526327200000004,
        0.030800257200000004,
        0.027666239200000005,
        0.021613426200000004,
        0.025697971200000003,
        0.018449572200000004,
        0.0147665172,
        0.0151100172,
        0.0148624622,
        0.0137512412,
        0.0140992232,
        0.013805091200000001,
        0.0136531662,
        0.015578820200000001,
        0.0155355442,
        0.014868588200000001,
        0.0137431722,
        0.0139942242,
        0.014089384200000001,
        0.014761616200000001,
        0.016616365200000004,
        0.0147208062,
        0.0158657612,
        0.017960424200000002,
        0.0141989312,
        0.0141007122,
        0.014698261200000002,
        0.0143132042,
        0.0156191302,
        0.013860307200000001,
        0.0140867382,
        0.014086427200000001,
        0.0137138102,
        0.013796990200000001,
        0.0138698172,
        0.030348583200000005,
        0.014652408200000001,
        0.0143192622,
        0.014450068200000001,
        0.013865801200000001,
        0.0146726992,
        0.0139894092,
        0.0140362442,
        0.0135343992,
        0.0145887432,
        0.014536584200000001,
        0.014475358200000002,
        0.0159348412,
        0.018071435200000003,
        0.017499225200000003,
        0.0151555622,
        0.0141382512,
        0.0144466342,
        0.0138971652,
        0.013977069200000001,
        0.017813061200000004,
        0.014395438200000001,
        0.0136119692,
        0.0144770242,
        0.0144385282,
        0.0137768782,
        0.014906189200000001,
        0.0132114872,
        0.015798966200000004,
        0.0142167822,
        0.014862715200000001,
        0.0132727442,
        0.0131669492,
        0.0135567922,
        0.05860427220000001,
        0.0131751192,
        0.013797300200000001,
        0.0137385792,
        0.0144980022,
        0.0137391852,
        0.014635024200000001,
        0.024971874200000004,
        0.027567368200000004,
        0.0136858592,
        0.0146314992,
        0.013754818200000001,
        0.0130276842,
        0.013530303200000001,
        0.013619604200000001,
        0.0129047512,
        0.0132363242,
        0.0137788842,
        0.0139540292,
        0.0126292112,
        0.014088190200000001,
        0.0156984052,
        0.018033983200000003,
        0.0136042142,
        0.0144949532,
        0.013246621200000001,
        0.013431254200000001,
        0.0140947472,
        0.013642309200000001,
        0.0155068642
      ],
      "memory_usage_byte": [
        3145728,
        3145728,
        3145728,
        3145728,
        3145728,
        3145728,
        3145728,
        3145728,
        3145728,
        3145728,
        3145728,
        3145728,
        3145728,
        3145728,
        3145728,
        3145728,
        3145728,
        3145728,
        3145728,
        3145728,
        3145728,
        3145728,
        3145728,
        3145728,
        3145728,
        3145728,
        3145728,
        3145728,
        3145728,
        3145728,
        3145728,
        3145728,
        3145728,
        3145728,
        3145728,
        3145728,
        3145728,
        3145728,
        3145728,
        3145728,
        3145728,
        3145728,
        3145728,
        3145728,
        3145728,
        3145728,
        3145728,
        3145728,
        3145728,
        3145728,
        3145728,
        3145728,
        3145728,
        3145728,
        3145728,
        3145728,
        3145728,
        3145728,
        3145728,
        3145728,
        3145728,
        3145728,
        3145728,
        3145728,
        3145728,
        3145728,
        3145728,
        3145728,
        3145728,
        3145728,
        3145728,
        3145728,
        3145728,
        3145728,
        3145728,
        3145728,
        3145728,
        3145728,
        3145728,
        3145728,
        3145728,
        3145728,
        3145728,
        3145728,
        3145728,
        3145728,
        3145728,
        3145728,
        3145728,
        3145728,
        3145728,
        3145728,
        3145728,
        3145728,
        3145728,
        3145728,
        3145728,
        3145728,
        3145728,
        3145728,
        3145728,
        3145728,
        3145728,
        3145728,
        3145728,
        3145728,
        3145728,
        3145728,
        3145728,
        3145728,
        3145728,
        3145728,
        3145728,
        3145728,
        3145728,
        3145728,
        3145728,
        3145728,
        3145728,
        3145728,
        3145728,
        3145728,
        3145728,
        3145728,
        3145728,
        3145728,
        3145728,
        3145728,
        3145728,
        3145728,
        3145728,
        3145728,
        3145728,
        3145728,
        3145728,
        3145728,
        3145728,
        3145728,
        3145728,
        3145728,
        3145728,
        3145728,
        3145728,
        3145728,
        3145728,
        3145728,
        3145728,
        3145728,
        3145728,
        3145728,
        3145728,
        3145728,
        3145728,
        3145728,
        3145728,
        3145728,
        3145728,
        3145728
      ],