{
  "results": [
    {
      "command": "python -c \"import re; re.findall(r\\\"fn \\w+\\\", open(\\\"/tmp/winx_bench/source.rs\\\").read())\"",
      "mean": 0.05025219630237288,
      "stddev": 0.000911112454949241,
      "median": 0.05018009776,
      "user": 0.05716293932203389,
      "system": 0.0106134786440678,
      "min": 0.04857119276,
      "max": 0.052680871760000005,
      "times": [
        0.05016020476,
        0.04950012176,
        0.050461664760000004,
        0.05167935676,
        0.049905991760000004,
        0.04908938176,
        0.05018009776,
        0.051179420760000004,
        0.052503654760000004,
        0.05064460776,
        0.05044650176,
        0.04960569376,
        0.04981853076,
        0.04892668176,
        0.05010894876,
        0.04922255776,
        0.05165853176,
        0.04975360476,
        0.04916746376,
        0.04952324276,
        0.05119226176,
        0.050779569760000004,
        0.05025177176,
        0.05103871476,
        0.05048703876,
        0.04986413876,
        0.05005657576,
        0.052680871760000005,
        0.05120495176,
        0.05079189276,
        0.05039793676,
        0.04926041976,
        0.04983920376,
        0.04907396276,
        0.051419453760000004,
        0.05101616476,
        0.05083042076,
        0.04964548076,
        0.051218323760000004,
        0.04956615776,
        0.04917415876,
        0.04972321976,
        0.048826944760000004,
        0.05147606276,
        0.04907616176,
        0.05115045376,
        0.049757736760000004,
        0.05021250576,
        0.05029416376,
        0.04986081776,
        0.04857119276,
        0.04972638476,
        0.05132876076,
        0.05032666276,
        0.04962469276,
        0.049048695760000004,
        0.05080465276,
        0.05100079976,
        0.05074394176
      ],
      "memory_usage_byte": [
        10747904,
        10747904,
        10747904,
        10747904,
        10747904,
        10747904,
        10747904,
        10747904,
        10747904,
        10747904,
        10747904,
        10747904,
        10747904,
        10747904,
        10747904,
        10747904,
        10747904,
        10747904,
        10747904,
        10747904,
        10747904,
        10747904,
        10747904,
        10747904,
        10747904,
        10747904,
        10747904,
        10747904,
        10747904,
        10747904,
        10747904,
        10747904,
        10747904,
        10747904,
        10747904,
        10747904,
        10747904,
        10747904,
        10747904,
        10747904,
        10747904,
        10747904,
        10747904,
        10747904,
        10747904,
        10747904,
        10747904,
        10747904,
        10747904,
        10747904,
        10747904,
        10747904,
        10747904,
        10747904,
        10747904,
        10747904,
        10747904,
        10747904,
        10747904
      ],
      "exit_codes": [
        0,
        0,
        0,
        0,
        0,
        0,
        0,
        0,
        0,
        0,
        0,
        0,
        0,
        0,
        0,
        0,
        0,
        0,
        0,
        0,
        0,
        0,
        0,
        0,
        0,
        0,
        0,
        0,
        0,
        0,
        0,
        0,
        0,
        0,
        0,
        0,
        0,
        0,
        0,
        0,
        0,
        0,
        0,
        0,
        0,
        0,
        0,
        0,
        0,
        0,
        0,
        0,
        0,
        0,
        0,
        0,
        0,
        0,
        0
      ]
    }
  ]
}
