{
  "results": [
    {
      "command": "python /tmp/winx_bench/wcgw_shell.py",
      "mean": 0.05613535754226414,
      "stddev": 0.0016460719581640163,
      "median": 0.055966876580000005,
      "user": 0.06279848679245283,
      "system": 0.012082766415094339,
      "min": 0.053657419580000004,
      "max": 0.06450569658,
      "times": [
        0.05584109358,
        0.05687230958,
        0.05534693358000001,
        0.056754673580000005,
        0.05682372158000001,
        0.056755228580000004,
        0.05768357258,
        0.05673188758,
        0.05578728258000001,
        0.055906391580000006,
        0.054344565580000004,
        0.05435382658000001,
        0.054178301580000005,
        0.05390655158,
        0.05590422358,
        0.05553002758,
        0.056819189580000005,
        0.057556771580000006,
        0.055763818580000006,
        0.056344819580000004,
        0.055966876580000005,
        0.058120906580000006,
        0.05600391258,
        0.056514360580000006,
        0.05730165058,
        0.05558939158,
        0.05630316558,
        0.05628804558,
        0.05805263858,
        0.05621155858,
        0.054606993580000006,
        0.055586998580000005,
        0.055589210580000006,
        0.056483264580000005,
        0.05472354858,
        0.05690284258,
        0.053657419580000004,
        0.05568115458,
        0.055263053580000006,
        0.05672426858000001,
        0.05473730458000001,
        0.06450569658,
        0.05663616258,
        0.05445125958,
        0.055092998580000004,
        0.05480353358,
        0.05414456958,
        0.054375595580000005,
        0.055543663580000006,
        0.05812266658,
        0.05714169358000001,
        0.058110481580000005,
        0.05673187158
      ],
      "memory_usage_byte": [
        12320768,
        12320768,
        12320768,
        12320768,
        12320768,
        12320768,
        12320768,
        12320768,
        12320768,
        12320768,
        12320768,
        12320768,
        12320768,
        12320768,
        12320768,
        12320768,
        12320768,
        12320768,
        12320768,
        12320768,
        12320768,
        12320768,
        12320768,
        12320768,
        12320768,
        12320768,
        12320768,
        12320768,
        12320768,
        12320768,
        12320768,
        12320768,
        12320768,
        12320768,
        12320768,
        12320768,
        12320768,
        12320768,
        12320768,
        12320768,
        12320768,
        12320768,
        12320768,
        12320768,
        12320768,
        12320768,
        12320768,
        12320768,
        12320768,
        12320768,
        12320768,
        12320768,
        12320768
      ],
      "exit_codes": [
        0,
        0,
        0,
        0,
        0,
        0,
        0,
        0,
        0,
        0,
        0,
        0,
        0,
        0,
        0,
        0,
        0,
        0,
        0,
        0,
        0,
        0,
        0,
        0,
        0,
        0,
        0,
        0,
        0,
        0,
        0,
        0,
        0,
        0,
        0,
        0,
        0,
        0,
        0,
        0,
        0,
        0,
        0,
        0,
        0,
        0,
        0,
        0,
        0,
        0,
        0,
        0,
        0
      ]
    }
  ]
}
